annee;date;site;pontes;pontes_correction;traces;mission;modalite;nb_ilots;comptage;date_debut;date_fin;nb_jours
2017;01/10/2017-21/10/2017;GLS_outseason;0;0;0;100;out_season;24;1;01/10/2017;21/10/2017;20
2017;22/10/2017-12/11/2017;GLS_outseason;0;0;0;101;out_season;24;1;22/10/2017;12/11/2017;21
2017;13/11/2017-04/12/2017;atire;7;10;10;1;rapproche;1;0;13/11/2017;04/12/2017;21
2017;13/11/2017-04/12/2017;gi;5;7;7;1;rapproche;1;0;13/11/2017;04/12/2017;21
2017;13/11/2017-04/12/2017;ieroue;0;0;0;1;rapproche;1;0;13/11/2017;04/12/2017;21
2017;14/11/2017-05/12/2017;kouare;3;4;4;1;rapproche;1;0;14/11/2017;05/12/2017;21
2017;14/11/2017-05/12/2017;nda;5;7;6;1;rapproche;1;0;14/11/2017;05/12/2017;21
2017;13/11/2017-04/12/2017;nge;4;5;8;1;rapproche;1;0;13/11/2017;04/12/2017;21
2017;14/11/2017-05/12/2017;redika;2;3;6;1;rapproche;1;0;14/11/2017;05/12/2017;21
2017;14/11/2017-05/12/2017;tere;1;1;2;1;rapproche;1;0;14/11/2017;05/12/2017;21
2017;13/11/2017-04/12/2017;ua;0;0;0;1;rapproche;1;0;13/11/2017;04/12/2017;21
2017;13/11/2017-04/12/2017;uaterembi;3;4;5;1;rapproche;1;0;13/11/2017;04/12/2017;21
2017;13/11/2017-04/12/2017;vua;2;3;3;1;rapproche;1;0;13/11/2017;04/12/2017;21
2017;05/12/2017-21/12/2017;atire;10;13;15;2;rapproche;1;1;05/12/2017;21/12/2017;16
2017;05/12/2017-22/12/2017;gi;6;8;13;2;rapproche;1;1;05/12/2017;22/12/2017;17
2017;05/12/2017-21/12/2017;ieroue;2;3;2;2;rapproche;1;1;05/12/2017;21/12/2017;16
2017;06/12/2017-22/12/2017;kouare;4;5;9;2;rapproche;1;1;06/12/2017;22/12/2017;16
2017;06/12/2017-22/12/2017;nda;5;6;17;2;rapproche;1;1;06/12/2017;22/12/2017;16
2017;05/12/2017-21/12/2017;nge;3;4;6;2;rapproche;1;1;05/12/2017;21/12/2017;16
2017;06/12/2017-21/12/2017;redika;3;4;3;2;rapproche;1;1;06/12/2017;21/12/2017;15
2017;06/12/2017-22/12/2017;tere;0;0;0;2;rapproche;1;1;06/12/2017;22/12/2017;16
2017;05/12/2017-22/12/2017;ua;3;4;8;2;rapproche;1;1;05/12/2017;22/12/2017;17
2017;05/12/2017-21/12/2017;uaterembi;1;1;9;2;rapproche;1;1;05/12/2017;21/12/2017;16
2017;05/12/2017-21/12/2017;vua;2;3;2;2;rapproche;1;1;05/12/2017;21/12/2017;16
2017;23/12/2017-05/01/2018;gi;7;8;9;3;rapproche;1;1;23/12/2017;05/01/2018;13
2017;23/12/2017-05/01/2018;nda;4;5;4;3;rapproche;1;1;23/12/2017;05/01/2018;13
2017;22/12/2017-05/01/2018;nge;2;2;4;3;rapproche;1;1;22/12/2017;05/01/2018;14
2017;23/12/2017-05/01/2018;tere;0;0;0;3;rapproche;1;1;23/12/2017;05/01/2018;13
2017;23/12/2017-05/01/2018;ua;0;0;0;3;rapproche;1;1;23/12/2017;05/01/2018;13
2017;22/12/2017-05/01/2018;uaterembi;10;12;15;3;rapproche;1;1;22/12/2017;05/01/2018;14
2017;22/12/2017-09/01/2018;atire;12;16;21;3;rapproche;1;1;22/12/2017;09/01/2018;18
2017;22/12/2017-09/01/2018;ieroue;2;3;2;3;rapproche;1;1;22/12/2017;09/01/2018;18
2017;23/12/2017-09/01/2018;kouare;0;0;0;3;rapproche;1;1;23/12/2017;09/01/2018;17
2017;22/12/2017-09/01/2018;redika;14;18;21;3;rapproche;1;1;22/12/2017;09/01/2018;18
2017;22/12/2017-09/01/2018;vua;6;8;8;3;rapproche;1;1;22/12/2017;09/01/2018;18
2017;02/02/2018-23/02/2018;atire;2;3;2;5;rapproche;1;0;02/02/2018;23/02/2018;21
2017;01/02/2018-22/02/2018;gi;5;7;6;5;rapproche;1;0;01/02/2018;22/02/2018;21
2017;02/02/2018-23/02/2018;ieroue;2;3;2;5;rapproche;1;0;02/02/2018;23/02/2018;21
2017;01/02/2018-22/02/2018;kouare;0;0;0;5;rapproche;1;0;01/02/2018;22/02/2018;21
2017;01/02/2018-22/02/2018;nda;2;3;4;5;rapproche;1;0;01/02/2018;22/02/2018;21
2017;01/02/2018-22/02/2018;nge;0;0;0;5;rapproche;1;0;01/02/2018;22/02/2018;21
2017;02/02/2018-23/02/2018;redika;4;5;8;5;rapproche;1;0;02/02/2018;23/02/2018;21
2017;01/02/2018-22/02/2018;tere;1;1;1;5;rapproche;1;0;01/02/2018;22/02/2018;21
2017;01/02/2018-22/02/2018;ua;0;0;0;5;rapproche;1;0;01/02/2018;22/02/2018;21
2017;02/02/2018-23/02/2018;uaterembi;3;4;4;5;rapproche;1;0;02/02/2018;23/02/2018;21
2017;02/02/2018-23/02/2018;vua;2;3;2;5;rapproche;1;0;02/02/2018;23/02/2018;21
2017;24/02/2018-14/03/2018;atire;1;1;1;6;rapproche;1;1;24/02/2018;14/03/2018;18
2017;23/02/2018-14/03/2018;gi;0;0;0;6;rapproche;1;1;23/02/2018;14/03/2018;19
2017;24/02/2018-14/03/2018;ieroue;0;0;0;6;rapproche;1;1;24/02/2018;14/03/2018;18
2017;23/02/2018-14/03/2018;kouare;0;0;0;6;rapproche;1;1;23/02/2018;14/03/2018;19
2017;23/02/2018-13/03/2018;nda;2;3;2;6;rapproche;1;1;23/02/2018;13/03/2018;18
2017;23/02/2018-13/03/2018;nge;1;1;1;6;rapproche;1;1;23/02/2018;13/03/2018;18
2017;24/02/2018-14/03/2018;redika;2;3;2;6;rapproche;1;1;24/02/2018;14/03/2018;18
2017;23/02/2018-14/03/2018;tere;0;0;0;6;rapproche;1;1;23/02/2018;14/03/2018;19
2017;23/02/2018-14/03/2018;ua;0;0;0;6;rapproche;1;1;23/02/2018;14/03/2018;19
2017;24/02/2018-13/03/2018;uaterembi;1;1;1;6;rapproche;1;1;24/02/2018;13/03/2018;17
2017;24/02/2018-14/03/2018;vua;0;0;0;6;rapproche;1;1;24/02/2018;14/03/2018;18
2017;01/05/2018-22/05/2018;GLS_outseason;0;0;0;102;out_season;24;1;01/05/2018;22/05/2018;21
2017;23/05/2018-13/06/2018;GLS_outseason;0;0;0;103;out_season;24;1;23/05/2018;13/06/2018;21
2017;13/11/2017-05/12/2017;RAPPROCHE_all;32;45;51;1;rapproche;11;0;13/11/2017;05/12/2017;22
2017;06/12/2017-22/12/2017;RAPPROCHE_all;39;49;84;2;rapproche;11;1;06/12/2017;22/12/2017;16
2017;23/12/2017-09/01/2018;RAPPROCHE_all;57;73;84;3;rapproche;11;1;23/12/2017;09/01/2018;17
2017;01/02/2018-23/02/2018;RAPPROCHE_all;21;29;29;5;rapproche;11;0;01/02/2018;23/02/2018;22
2017;24/02/2018-14/03/2018;RAPPROCHE_all;7;9;7;6;rapproche;11;1;24/02/2018;14/03/2018;18
2018;31/10/2018-21/11/2018;atire;1;1;2;1;rapproche;1;0;31/10/2018;21/11/2018;21
2018;22/11/2018-29/11/2018;atire;3;3;4;2;rapproche;1;1;22/11/2018;29/11/2018;7
2018;30/11/2018-21/12/2018;atire;12;16;16;3;rapproche;1;1;30/11/2018;21/12/2018;21
2018;22/12/2018-09/01/2019;atire;10;13;21;4;rapproche;1;1;22/12/2018;09/01/2019;18
2018;01/11/2018-22/11/2018;gi;1;1;1;1;rapproche;1;0;01/11/2018;22/11/2018;21
2018;23/11/2018-28/11/2018;gi;4;4;7;2;rapproche;1;1;23/11/2018;28/11/2018;5
2018;30/11/2018-21/12/2018;gi;9;12;14;3;rapproche;1;0;30/11/2018;21/12/2018;21
2018;22/12/2018-10/01/2019;gi;11;15;18;4;rapproche;1;1;22/12/2018;10/01/2019;19
2018;01/10/2018-08/10/2018;GLS_outseason;0;0;0;100;out_season;24;1;01/10/2018;08/10/2018;7
2018;09/10/2018-30/10/2018;GLS_outseason;0;0;0;101;out_season;24;1;09/10/2018;30/10/2018;21
2018;01/05/2019-22/05/2019;GLS_outseason;0;0;0;102;out_season;24;1;01/05/2019;22/05/2019;21
2018;23/05/2019-13/06/2019;GLS_outseason;0;0;0;103;out_season;24;1;23/05/2019;13/06/2019;21
2018;01/11/2018-22/11/2018;ieroue;1;1;2;1;rapproche;1;0;01/11/2018;22/11/2018;21
2018;23/11/2018-28/11/2018;ieroue;0;0;0;2;rapproche;1;1;23/11/2018;28/11/2018;5
2018;29/11/2018-20/12/2018;ieroue;1;1;3;3;rapproche;1;1;29/11/2018;20/12/2018;21
2018;21/12/2018-10/01/2019;ieroue;0;0;0;4;rapproche;1;1;21/12/2018;10/01/2019;20
2018;31/10/2018-21/11/2018;kouare;0;0;0;1;rapproche;1;0;31/10/2018;21/11/2018;21
2018;22/11/2018-28/11/2018;kouare;1;1;3;2;rapproche;1;1;22/11/2018;28/11/2018;6
2018;30/11/2018-21/12/2018;kouare;7;10;18;3;rapproche;1;0;30/11/2018;21/12/2018;21
2018;22/12/2018-03/01/2019;kouare;3;3;7;4;rapproche;1;1;22/12/2018;03/01/2019;12
2018;31/10/2018-21/11/2018;nda;1;1;2;1;rapproche;1;0;31/10/2018;21/11/2018;21
2018;22/11/2018-29/11/2018;nda;0;0;1;2;rapproche;1;1;22/11/2018;29/11/2018;7
2018;30/11/2018-20/12/2018;nda;1;1;1;3;rapproche;1;1;30/11/2018;20/12/2018;20
2018;21/12/2018-09/01/2019;nda;2;3;6;4;rapproche;1;1;21/12/2018;09/01/2019;19
2018;31/10/2018-21/11/2018;nge;3;4;12;1;rapproche;1;0;31/10/2018;21/11/2018;21
2018;22/11/2018-29/11/2018;nge;5;5;13;2;rapproche;1;1;22/11/2018;29/11/2018;7
2018;30/11/2018-20/12/2018;nge;5;7;12;3;rapproche;1;1;30/11/2018;20/12/2018;20
2018;21/12/2018-09/01/2019;nge;14;19;24;4;rapproche;1;1;21/12/2018;09/01/2019;19
2018;31/10/2018-21/11/2018;redika;0;0;0;1;rapproche;1;0;31/10/2018;21/11/2018;21
2018;22/11/2018-28/11/2018;redika;1;1;1;2;rapproche;1;1;22/11/2018;28/11/2018;6
2018;29/11/2018-20/12/2018;redika;3;4;5;3;rapproche;1;1;29/11/2018;20/12/2018;21
2018;21/12/2018-10/01/2019;redika;5;7;11;4;rapproche;1;1;21/12/2018;10/01/2019;20
2018;31/10/2018-21/11/2018;ua;0;0;0;1;rapproche;1;0;31/10/2018;21/11/2018;21
2018;22/11/2018-28/11/2018;ua;0;0;0;2;rapproche;1;1;22/11/2018;28/11/2018;6
2018;29/11/2018-20/12/2018;ua;1;1;1;3;rapproche;1;1;29/11/2018;20/12/2018;21
2018;31/10/2018-21/11/2018;uaterembi;0;0;0;1;rapproche;1;0;31/10/2018;21/11/2018;21
2018;22/11/2018-28/11/2018;uaterembi;1;1;3;2;rapproche;1;1;22/11/2018;28/11/2018;6
2018;29/11/2018-20/12/2018;uaterembi;2;3;4;3;rapproche;1;1;29/11/2018;20/12/2018;21
2018;21/12/2018-09/01/2019;uaterembi;5;7;12;4;rapproche;1;1;21/12/2018;09/01/2019;19
2018;31/10/2018-21/11/2018;uatio;1;1;1;1;rapproche;1;0;31/10/2018;21/11/2018;21
2018;22/11/2018-28/11/2018;uatio;3;3;4;2;rapproche;1;1;22/11/2018;28/11/2018;6
2018;29/11/2018-20/12/2018;uatio;2;3;8;3;rapproche;1;1;29/11/2018;20/12/2018;21
2018;21/12/2018-10/01/2019;uatio;6;8;11;4;rapproche;1;1;21/12/2018;10/01/2019;20
2018;31/10/2018-21/11/2018;vua;0;0;0;1;rapproche;1;0;31/10/2018;21/11/2018;21
2018;22/11/2018-28/11/2018;vua;1;1;2;2;rapproche;1;1;22/11/2018;28/11/2018;6
2018;29/11/2018-20/12/2018;vua;4;5;8;3;rapproche;1;1;29/11/2018;20/12/2018;21
2018;21/12/2018-09/01/2019;vua;9;12;11;4;rapproche;1;1;21/12/2018;09/01/2019;19
2018;02/01/2019-23/01/2019;amere;10;14;14;6;ponctuel;1;0;02/01/2019;23/01/2019;21
2018;02/01/2019-23/01/2019;du ami;1;1;2;6;ponctuel;1;0;02/01/2019;23/01/2019;21
2018;02/01/2019-23/01/2019;kie;19;26;20;6;ponctuel;1;0;02/01/2019;23/01/2019;21
2018;03/01/2019-24/01/2019;koko;7;10;10;6;ponctuel;1;0;03/01/2019;24/01/2019;21
2018;04/01/2019-25/01/2019;mato;1;1;1;6;ponctuel;1;0;04/01/2019;25/01/2019;21
2018;03/01/2019-24/01/2019;ndo;1;1;1;6;ponctuel;1;0;03/01/2019;24/01/2019;21
2018;04/01/2019-25/01/2019;noe;0;0;1;6;ponctuel;1;0;04/01/2019;25/01/2019;21
2018;03/01/2019-24/01/2019;petit koko;3;4;4;6;ponctuel;1;0;03/01/2019;24/01/2019;21
2018;03/01/2019-24/01/2019;totea;3;4;4;6;ponctuel;1;0;03/01/2019;24/01/2019;21
2018;03/01/2019-24/01/2019;uie;1;1;2;6;ponctuel;1;0;03/01/2019;24/01/2019;21
2018;04/01/2019-25/01/2019;uo;2;3;2;6;ponctuel;1;0;04/01/2019;25/01/2019;21
2018;01/11/2018-22/11/2018;RAPPROCHE_all;8;11;20;1;rapproche;11;0;01/11/2018;22/11/2018;21
2018;23/11/2018-29/11/2018;RAPPROCHE_all;19;19;38;2;rapproche;11;1;23/11/2018;29/11/2018;6
2018;30/11/2018-21/12/2018;RAPPROCHE_all;47;65;90;3;rapproche;11;1;30/11/2018;21/12/2018;21
2018;22/12/2018-10/01/2019;RAPPROCHE_all;65;86;121;4;rapproche;10;1;22/12/2018;10/01/2019;19
2019;02/01/2020-23/01/2020;mato;2;3;10;8;ponctuel;1;0;02/01/2020;23/01/2020;21
2019;06/11/2019-27/11/2019;atire;1;1;1;1;rapproche;1;0;06/11/2019;27/11/2019;21
2019;28/11/2019-04/12/2019;atire;2;2;9;2;rapproche;1;1;28/11/2019;04/12/2019;6
2019;06/11/2019-27/11/2019;nda;0;0;0;1;ponctuel;1;0;06/11/2019;27/11/2019;21
2019;28/11/2019-05/12/2019;nda;2;2;6;2;ponctuel;1;1;28/11/2019;05/12/2019;7
2019;01/01/2020-22/01/2020;ndo;11;15;16;8;ponctuel;1;0;01/01/2020;22/01/2020;21
2019;05/12/2019-10/12/2019;atire;4;4;15;3;rapproche;1;1;05/12/2019;10/12/2019;5
2019;11/12/2019-24/12/2019;atire;6;7;19;4;rapproche;1;1;11/12/2019;24/12/2019;13
2019;07/01/2020-28/01/2020;atire;5;7;7;9;rapproche;1;0;07/01/2020;28/01/2020;21
2019;07/11/2019-28/11/2019;gi;5;7;12;1;rapproche;1;0;07/11/2019;28/11/2019;21
2019;29/11/2019-05/12/2019;gi;1;1;2;2;rapproche;1;1;29/11/2019;05/12/2019;6
2019;12/12/2019-02/01/2020;gi;5;7;8;5;rapproche;1;0;12/12/2019;02/01/2020;21
2019;03/01/2020-09/01/2020;gi;0;0;1;6;rapproche;1;1;03/01/2020;09/01/2020;6
2019;10/01/2020-16/01/2020;gi;2;2;3;7;rapproche;1;0;10/01/2020;16/01/2020;6
2019;01/10/2019-14/10/2019;GLS_outseason;0;0;0;100;out_season;24;1;01/10/2019;14/10/2019;13
2019;15/10/2019-05/11/2019;GLS_outseason;0;0;0;101;out_season;24;1;15/10/2019;05/11/2019;21
2019;01/05/2020-22/05/2020;GLS_outseason;0;0;0;102;out_season;24;1;01/05/2020;22/05/2020;21
2019;23/05/2020-13/06/2020;GLS_outseason;0;0;0;103;out_season;24;1;23/05/2020;13/06/2020;21
2019;07/11/2019-28/11/2019;ieroue;0;0;0;1;rapproche;1;0;07/11/2019;28/11/2019;21
2019;29/11/2019-04/12/2019;ieroue;1;1;3;2;rapproche;1;1;29/11/2019;04/12/2019;5
2019;19/12/2019-09/01/2020;ieroue;1;1;9;6;rapproche;1;0;19/12/2019;09/01/2020;21
2019;10/01/2020-17/01/2020;ieroue;0;0;0;7;rapproche;1;0;10/01/2020;17/01/2020;7
2019;18/01/2020-29/01/2020;ieroue;1;1;1;9;rapproche;1;1;18/01/2020;29/01/2020;11
2019;06/11/2019-27/11/2019;kouare;0;0;0;1;rapproche;1;0;06/11/2019;27/11/2019;21
2019;28/11/2019-05/12/2019;kouare;0;0;4;2;rapproche;1;1;28/11/2019;05/12/2019;7
2019;13/12/2019-03/01/2020;kouare;2;3;3;5;rapproche;1;0;13/12/2019;03/01/2020;21
2019;04/01/2020-16/01/2020;kouare;2;2;2;7;rapproche;1;0;04/01/2020;16/01/2020;12
2019;17/01/2020-28/01/2020;kouare;0;0;1;9;rapproche;1;1;17/01/2020;28/01/2020;11
2019;07/11/2019-28/11/2019;nge;0;0;2;1;rapproche;1;0;07/11/2019;28/11/2019;21
2019;29/11/2019-05/12/2019;nge;6;6;12;2;rapproche;1;1;29/11/2019;05/12/2019;6
2019;12/12/2019-02/01/2020;nge;4;5;10;5;rapproche;1;0;12/12/2019;02/01/2020;21
2019;03/01/2020-16/01/2020;nge;2;2;4;7;rapproche;1;0;03/01/2020;16/01/2020;13
2019;17/01/2020-28/01/2020;nge;5;6;6;9;rapproche;1;1;17/01/2020;28/01/2020;11
2019;13/12/2019-03/01/2020;noe;0;0;0;5;rapproche;1;0;13/12/2019;03/01/2020;21
2019;04/01/2020-17/01/2020;noe;2;2;3;7;rapproche;1;0;04/01/2020;17/01/2020;13
2019;18/01/2020-29/01/2020;noe;1;1;4;9;rapproche;1;1;18/01/2020;29/01/2020;11
2019;13/12/2019-03/01/2020;puemba;4;5;4;5;rapproche;1;0;13/12/2019;03/01/2020;21
2019;04/01/2020-17/01/2020;puemba;0;0;3;7;rapproche;1;0;04/01/2020;17/01/2020;13
2019;18/01/2020-29/01/2020;puemba;2;2;2;9;rapproche;1;1;18/01/2020;29/01/2020;11
2019;07/11/2019-28/11/2019;redika;0;0;2;1;rapproche;1;0;07/11/2019;28/11/2019;21
2019;29/11/2019-04/12/2019;redika;0;0;5;2;rapproche;1;1;29/11/2019;04/12/2019;5
2019;12/12/2019-02/01/2020;redika;6;8;40;5;rapproche;1;0;12/12/2019;02/01/2020;21
2019;03/01/2020-16/01/2020;redika;6;7;7;7;rapproche;1;0;03/01/2020;16/01/2020;13
2019;17/01/2020-28/01/2020;redika;2;2;8;9;rapproche;1;1;17/01/2020;28/01/2020;11
2019;06/11/2019-27/11/2019;uaterembi;1;1;13;1;rapproche;1;0;06/11/2019;27/11/2019;21
2019;28/11/2019-05/12/2019;uaterembi;1;1;17;2;rapproche;1;1;28/11/2019;05/12/2019;7
2019;12/12/2019-02/01/2020;uaterembi;1;1;16;5;rapproche;1;0;12/12/2019;02/01/2020;21
2019;07/01/2020-28/01/2020;uaterembi;2;3;8;9;rapproche;1;0;07/01/2020;28/01/2020;21
2019;07/11/2019-28/11/2019;uatio;1;1;6;1;rapproche;1;0;07/11/2019;28/11/2019;21
2019;29/11/2019-05/12/2019;uatio;1;1;5;2;rapproche;1;1;29/11/2019;05/12/2019;6
2019;12/12/2019-02/01/2020;uatio;4;5;18;5;rapproche;1;0;12/12/2019;02/01/2020;21
2019;03/01/2020-16/01/2020;uatio;1;1;1;7;rapproche;1;0;03/01/2020;16/01/2020;13
2019;17/01/2020-28/01/2020;uatio;5;6;8;9;rapproche;1;1;17/01/2020;28/01/2020;11
2019;13/12/2019-03/01/2020;uie;5;7;13;5;rapproche;1;0;13/12/2019;03/01/2020;21
2019;04/01/2020-17/01/2020;uie;2;2;2;7;rapproche;1;0;04/01/2020;17/01/2020;13
2019;18/01/2020-29/01/2020;uie;1;1;3;9;rapproche;1;1;18/01/2020;29/01/2020;11
2019;13/12/2019-03/01/2020;uo;1;1;5;5;rapproche;1;0;13/12/2019;03/01/2020;21
2019;04/01/2020-17/01/2020;uo;1;1;1;7;rapproche;1;0;04/01/2020;17/01/2020;13
2019;18/01/2020-29/01/2020;uo;0;0;0;9;rapproche;1;1;18/01/2020;29/01/2020;11
2019;01/01/2020-22/01/2020;nouare;0;0;0;8;ponctuel;1;0;01/01/2020;22/01/2020;21
2019;02/01/2020-23/01/2020;pumbo;0;0;2;8;ponctuel;1;0;02/01/2020;23/01/2020;21
2019;06/11/2019-27/11/2019;tere;0;0;0;1;ponctuel;1;0;06/11/2019;27/11/2019;21
2019;28/11/2019-05/12/2019;tere;0;0;0;2;ponctuel;1;1;28/11/2019;05/12/2019;7
2019;01/01/2020-22/01/2020;ua;5;7;7;8;ponctuel;1;0;01/01/2020;22/01/2020;21
2019;23/01/2020-28/01/2020;ua;3;3;4;9;ponctuel;1;1;23/01/2020;28/01/2020;5
2019;01/01/2020-22/01/2020;ugo;0;0;0;8;ponctuel;1;0;01/01/2020;22/01/2020;21
2019;14/11/2019-05/12/2019;vua;3;4;10;2;ponctuel;1;0;14/11/2019;05/12/2019;21
2019;06/11/2019-28/11/2019;RAPPROCHE_all;8;11;36;1;rapproche;8;0;06/11/2019;28/11/2019;22
2019;29/11/2019-05/12/2019;RAPPROCHE_all;12;12;57;2;rapproche;8;1;29/11/2019;05/12/2019;6
2019;12/12/2019-03/01/2020;RAPPROCHE_all;42;59;151;5;rapproche;11;0;12/12/2019;03/01/2020;22
2019;04/01/2020-17/01/2020;RAPPROCHE_all;19;22;36;7;rapproche;10;0;04/01/2020;17/01/2020;13
2019;18/01/2020-29/01/2020;RAPPROCHE_all;24;27;48;9;rapproche;11;1;18/01/2020;29/01/2020;11
2020;02/12/2020-23/12/2020;mato;0;0;2;3;ponctuel;1;0;02/12/2020;23/12/2020;21
2020;24/12/2020-07/01/2021;mato;1;1;5;6;ponctuel;1;1;24/12/2020;07/01/2021;14
2020;01/12/2020-22/12/2020;mbore;2;3;2;3;ponctuel;1;0;01/12/2020;22/12/2020;21
2020;23/12/2020-07/01/2021;mbore;0;0;0;6;ponctuel;1;1;23/12/2020;07/01/2021;15
2020;01/12/2020-22/12/2020;ndo;1;1;2;3;ponctuel;1;0;01/12/2020;22/12/2020;21
2020;23/12/2020-07/01/2021;ndo;2;2;5;6;ponctuel;1;1;23/12/2020;07/01/2021;15
2020;07/11/2020-28/11/2020;atire;1;1;2;1;rapproche;1;0;07/11/2020;28/11/2020;21
2020;29/11/2020-09/12/2020;atire;6;7;10;2;rapproche;1;1;29/11/2020;09/12/2020;10
2020;10/12/2020-23/12/2020;atire;9;11;11;4;rapproche;1;1;10/12/2020;23/12/2020;13
2020;24/12/2020-05/01/2021;atire;6;7;15;5;rapproche;1;1;24/12/2020;05/01/2021;12
2020;06/01/2021-20/01/2021;atire;12;14;17;7;rapproche;1;1;06/01/2021;20/01/2021;14
2020;21/01/2021-07/02/2021;atire;7;9;10;8;rapproche;1;0;21/01/2021;07/02/2021;17
2020;08/11/2020-29/11/2020;gi;3;4;3;1;rapproche;1;0;08/11/2020;29/11/2020;21
2020;30/11/2020-08/12/2020;gi;1;1;7;2;rapproche;1;1;30/11/2020;08/12/2020;8
2020;09/12/2020-22/12/2020;gi;4;5;7;4;rapproche;1;1;09/12/2020;22/12/2020;13
2020;23/12/2020-04/01/2021;gi;4;5;11;5;rapproche;1;1;23/12/2020;04/01/2021;12
2020;16/01/2021-06/02/2021;gi;1;1;1;8;rapproche;1;0;16/01/2021;06/02/2021;21
2020;01/10/2020-15/10/2020;GLS_outseason;0;0;0;100;out_season;24;1;01/10/2020;15/10/2020;14
2020;16/10/2020-06/11/2020;GLS_outseason;0;0;0;101;out_season;24;1;16/10/2020;06/11/2020;21
2020;01/05/2021-22/05/2021;GLS_outseason;0;0;0;102;out_season;24;1;01/05/2021;22/05/2021;21
2020;23/05/2021-13/06/2021;GLS_outseason;0;0;0;103;out_season;24;1;23/05/2021;13/06/2021;21
2020;07/11/2020-28/11/2020;ieroue;1;1;1;1;rapproche;1;0;07/11/2020;28/11/2020;21
2020;29/11/2020-08/12/2020;ieroue;0;0;0;2;rapproche;1;1;29/11/2020;08/12/2020;9
2020;09/12/2020-23/12/2020;ieroue;1;1;2;4;rapproche;1;1;09/12/2020;23/12/2020;14
2020;24/12/2020-05/01/2021;ieroue;2;2;3;5;rapproche;1;1;24/12/2020;05/01/2021;12
2020;06/01/2021-19/01/2021;ieroue;1;1;1;7;rapproche;1;1;06/01/2021;19/01/2021;13
2020;20/01/2021-06/02/2021;ieroue;0;0;1;8;rapproche;1;0;20/01/2021;06/02/2021;17
2020;07/11/2020-28/11/2020;kouare;2;3;5;1;rapproche;1;0;07/11/2020;28/11/2020;21
2020;29/11/2020-09/12/2020;kouare;4;4;12;2;rapproche;1;1;29/11/2020;09/12/2020;10
2020;10/12/2020-23/12/2020;kouare;3;4;5;4;rapproche;1;1;10/12/2020;23/12/2020;13
2020;24/12/2020-04/01/2021;kouare;6;7;9;5;rapproche;1;1;24/12/2020;04/01/2021;11
2020;05/01/2021-20/01/2021;kouare;7;9;8;7;rapproche;1;1;05/01/2021;20/01/2021;15
2020;21/01/2021-07/02/2021;kouare;2;3;2;8;rapproche;1;0;21/01/2021;07/02/2021;17
2020;07/11/2020-28/11/2020;nda;2;3;10;1;rapproche;1;0;07/11/2020;28/11/2020;21
2020;29/11/2020-09/12/2020;nda;1;1;3;2;rapproche;1;1;29/11/2020;09/12/2020;10
2020;10/12/2020-23/12/2020;nda;0;0;1;4;rapproche;1;1;10/12/2020;23/12/2020;13
2020;24/12/2020-04/01/2021;nda;2;2;6;5;rapproche;1;1;24/12/2020;04/01/2021;11
2020;05/01/2021-20/01/2021;nda;4;5;5;7;rapproche;1;1;05/01/2021;20/01/2021;15
2020;21/01/2021-06/02/2021;nda;1;1;3;8;rapproche;1;0;21/01/2021;06/02/2021;16
2020;07/11/2020-28/11/2020;nge;1;1;6;1;rapproche;1;0;07/11/2020;28/11/2020;21
2020;29/11/2020-08/12/2020;nge;5;5;15;2;rapproche;1;1;29/11/2020;08/12/2020;9
2020;09/12/2020-23/12/2020;nge;5;6;16;4;rapproche;1;1;09/12/2020;23/12/2020;14
2020;24/12/2020-05/01/2021;nge;1;1;6;5;rapproche;1;1;24/12/2020;05/01/2021;12
2020;06/01/2021-19/01/2021;nge;5;6;9;7;rapproche;1;1;06/01/2021;19/01/2021;13
2020;20/01/2021-06/02/2021;nge;0;0;2;8;rapproche;1;0;20/01/2021;06/02/2021;17
2020;08/11/2020-29/11/2020;redika;1;1;3;1;rapproche;1;0;08/11/2020;29/11/2020;21
2020;30/11/2020-08/12/2020;redika;0;0;1;2;rapproche;1;1;30/11/2020;08/12/2020;8
2020;09/12/2020-22/12/2020;redika;0;0;0;4;rapproche;1;1;09/12/2020;22/12/2020;13
2020;23/12/2020-05/01/2021;redika;0;0;4;5;rapproche;1;1;23/12/2020;05/01/2021;13
2020;06/01/2021-19/01/2021;redika;0;0;1;7;rapproche;1;1;06/01/2021;19/01/2021;13
2020;20/01/2021-06/02/2021;redika;0;0;0;8;rapproche;1;0;20/01/2021;06/02/2021;17
2020;07/11/2020-28/11/2020;tere;0;0;0;1;rapproche;1;0;07/11/2020;28/11/2020;21
2020;29/11/2020-09/12/2020;tere;0;0;0;2;rapproche;1;1;29/11/2020;09/12/2020;10
2020;10/12/2020-23/12/2020;tere;0;0;0;4;rapproche;1;1;10/12/2020;23/12/2020;13
2020;24/12/2020-04/01/2021;tere;0;0;0;5;rapproche;1;1;24/12/2020;04/01/2021;11
2020;05/01/2021-20/01/2021;tere;0;0;0;7;rapproche;1;1;05/01/2021;20/01/2021;15
2020;21/01/2021-06/02/2021;tere;0;0;0;8;rapproche;1;0;21/01/2021;06/02/2021;16
2020;08/11/2020-29/11/2020;ua;1;1;1;1;rapproche;1;0;08/11/2020;29/11/2020;21
2020;30/11/2020-08/12/2020;ua;0;0;0;2;rapproche;1;1;30/11/2020;08/12/2020;8
2020;09/12/2020-22/12/2020;ua;0;0;0;4;rapproche;1;1;09/12/2020;22/12/2020;13
2020;23/12/2020-04/01/2021;ua;0;0;0;5;rapproche;1;1;23/12/2020;04/01/2021;12
2020;05/01/2021-19/01/2021;ua;0;0;0;7;rapproche;1;1;05/01/2021;19/01/2021;14
2020;20/01/2021-06/02/2021;ua;0;0;0;8;rapproche;1;0;20/01/2021;06/02/2021;17
2020;08/11/2020-29/11/2020;uaterembi;0;0;0;1;rapproche;1;0;08/11/2020;29/11/2020;21
2020;30/11/2020-08/12/2020;uaterembi;1;1;7;2;rapproche;1;1;30/11/2020;08/12/2020;8
2020;09/12/2020-22/12/2020;uaterembi;2;2;11;4;rapproche;1;1;09/12/2020;22/12/2020;13
2020;23/12/2020-04/01/2021;uaterembi;3;3;9;5;rapproche;1;1;23/12/2020;04/01/2021;12
2020;05/01/2021-19/01/2021;uaterembi;4;5;9;7;rapproche;1;1;05/01/2021;19/01/2021;14
2020;20/01/2021-06/02/2021;uaterembi;2;3;4;8;rapproche;1;0;20/01/2021;06/02/2021;17
2020;08/11/2020-29/11/2020;uatio;2;3;5;1;rapproche;1;0;08/11/2020;29/11/2020;21
2020;30/11/2020-08/12/2020;uatio;0;0;3;2;rapproche;1;1;30/11/2020;08/12/2020;8
2020;09/12/2020-22/12/2020;uatio;0;0;3;4;rapproche;1;1;09/12/2020;22/12/2020;13
2020;23/12/2020-04/01/2021;uatio;1;1;8;5;rapproche;1;1;23/12/2020;04/01/2021;12
2020;05/01/2021-19/01/2021;uatio;0;0;4;7;rapproche;1;1;05/01/2021;19/01/2021;14
2020;20/01/2021-06/02/2021;uatio;0;0;0;8;rapproche;1;0;20/01/2021;06/02/2021;17
2020;07/11/2020-28/11/2020;vua;1;1;3;1;rapproche;1;0;07/11/2020;28/11/2020;21
2020;29/11/2020-09/12/2020;vua;1;1;3;2;rapproche;1;1;29/11/2020;09/12/2020;10
2020;02/12/2020-23/12/2020;noe;0;0;0;3;ponctuel;1;0;02/12/2020;23/12/2020;21
2020;24/12/2020-08/01/2021;noe;0;0;0;6;ponctuel;1;1;24/12/2020;08/01/2021;15
2020;02/12/2020-23/12/2020;nouare;0;0;2;3;ponctuel;1;0;02/12/2020;23/12/2020;21
2020;01/12/2020-22/12/2020;petit koko;0;0;0;3;ponctuel;1;0;01/12/2020;22/12/2020;21
2020;23/12/2020-07/01/2021;petit koko;0;0;0;6;ponctuel;1;1;23/12/2020;07/01/2021;15
2020;02/12/2020-23/12/2020;puemba;1;1;1;3;ponctuel;1;0;02/12/2020;23/12/2020;21
2020;24/12/2020-08/01/2021;puemba;2;2;2;6;ponctuel;1;1;24/12/2020;08/01/2021;15
2020;02/12/2020-23/12/2020;pumbo;0;0;1;3;ponctuel;1;0;02/12/2020;23/12/2020;21
2020;24/12/2020-08/01/2021;pumbo;1;1;2;6;ponctuel;1;1;24/12/2020;08/01/2021;15
2020;10/12/2020-22/12/2020;vua;5;6;8;4;rapproche;1;1;10/12/2020;22/12/2020;12
2020;23/12/2020-05/01/2021;vua;6;7;13;5;rapproche;1;1;23/12/2020;05/01/2021;13
2020;06/01/2021-19/01/2021;vua;6;7;14;7;rapproche;1;1;06/01/2021;19/01/2021;13
2020;21/01/2021-06/02/2021;vua;1;1;2;8;rapproche;1;0;21/01/2021;06/02/2021;16
2020;01/12/2020-22/12/2020;totea;1;1;2;3;ponctuel;1;0;01/12/2020;22/12/2020;21
2020;23/12/2020-07/01/2021;totea;2;2;3;6;ponctuel;1;1;23/12/2020;07/01/2021;15
2020;02/12/2020-23/12/2020;ugo;0;0;0;3;ponctuel;1;0;02/12/2020;23/12/2020;21
2020;24/12/2020-08/01/2021;ugo;0;0;0;6;ponctuel;1;1;24/12/2020;08/01/2021;15
2020;01/12/2020-22/12/2020;uie;1;1;2;3;ponctuel;1;0;01/12/2020;22/12/2020;21
2020;23/12/2020-07/01/2021;uie;2;2;4;6;ponctuel;1;1;23/12/2020;07/01/2021;15
2020;01/12/2020-22/12/2020;uo;0;0;0;3;ponctuel;1;0;01/12/2020;22/12/2020;21
2020;23/12/2020-07/01/2021;uo;0;0;0;6;ponctuel;1;1;23/12/2020;07/01/2021;15
2020;07/11/2020-29/11/2020;RAPPROCHE_all;15;21;39;1;rapproche;12;0;07/11/2020;29/11/2020;22
2020;30/11/2020-09/12/2020;RAPPROCHE_all;19;20;61;2;rapproche;12;1;30/11/2020;09/12/2020;9
2020;10/12/2020-23/12/2020;RAPPROCHE_all;29;34;64;4;rapproche;12;1;10/12/2020;23/12/2020;13
2020;24/12/2020-05/01/2021;RAPPROCHE_all;31;36;84;5;rapproche;12;1;24/12/2020;05/01/2021;12
2020;06/01/2021-20/01/2021;RAPPROCHE_all;39;47;68;7;rapproche;11;1;06/01/2021;20/01/2021;14
2020;21/01/2021-07/02/2021;RAPPROCHE_all;14;18;25;8;rapproche;12;0;21/01/2021;07/02/2021;17
2021;25/11/2021-16/12/2021;mato;2;3;4;3;ponctuel;1;0;25/11/2021;16/12/2021;21
2021;17/12/2021-29/12/2021;mato;1;1;4;5;ponctuel;1;1;17/12/2021;29/12/2021;12
2021;26/11/2021-17/12/2021;mbore;1;1;1;3;ponctuel;1;0;26/11/2021;17/12/2021;21
2021;18/12/2021-30/12/2021;mbore;0;0;0;5;ponctuel;1;1;18/12/2021;30/12/2021;12
2021;26/11/2021-17/12/2021;ndo;2;3;2;3;ponctuel;1;0;26/11/2021;17/12/2021;21
2021;18/12/2021-30/12/2021;ndo;1;1;4;5;ponctuel;1;1;18/12/2021;30/12/2021;12
2021;25/11/2021-16/12/2021;noe;0;0;0;3;ponctuel;1;0;25/11/2021;16/12/2021;21
2021;17/12/2021-29/12/2021;noe;2;2;2;5;ponctuel;1;1;17/12/2021;29/12/2021;12
2021;25/11/2021-16/12/2021;nouare;1;1;3;3;ponctuel;1;0;25/11/2021;16/12/2021;21
2021;17/12/2021-29/12/2021;nouare;0;0;0;5;ponctuel;1;1;17/12/2021;29/12/2021;12
2021;26/11/2021-17/12/2021;petit koko;0;0;1;3;ponctuel;1;0;26/11/2021;17/12/2021;21
2021;18/12/2021-30/12/2021;petit koko;1;1;1;5;ponctuel;1;1;18/12/2021;30/12/2021;12
2021;25/11/2021-16/12/2021;puemba;1;1;1;3;ponctuel;1;0;25/11/2021;16/12/2021;21
2021;17/12/2021-29/12/2021;puemba;2;2;2;5;ponctuel;1;1;17/12/2021;29/12/2021;12
2021;25/11/2021-16/12/2021;pumbo;0;0;0;3;ponctuel;1;0;25/11/2021;16/12/2021;21
2021;17/12/2021-29/12/2021;pumbo;1;1;0;5;ponctuel;1;1;17/12/2021;29/12/2021;12
2021;27/10/2021-17/11/2021;atire;1;1;2;1;rapproche;1;0;27/10/2021;17/11/2021;21
2021;28/10/2021-18/11/2021;gi;4;5;6;1;rapproche;1;0;28/10/2021;18/11/2021;21
2021;27/10/2021-17/11/2021;ieroue;0;0;0;1;rapproche;1;0;27/10/2021;17/11/2021;21
2021;27/10/2021-17/11/2021;kouare;0;0;0;1;rapproche;1;0;27/10/2021;17/11/2021;21
2021;27/10/2021-17/11/2021;nda;0;0;0;1;rapproche;1;0;27/10/2021;17/11/2021;21
2021;27/10/2021-17/11/2021;nge;2;3;5;1;rapproche;1;0;27/10/2021;17/11/2021;21
2021;28/10/2021-18/11/2021;redika;0;0;0;1;rapproche;1;0;28/10/2021;18/11/2021;21
2021;27/10/2021-17/11/2021;tere;0;0;0;1;rapproche;1;0;27/10/2021;17/11/2021;21
2021;28/10/2021-18/11/2021;ua;0;0;0;1;rapproche;1;0;28/10/2021;18/11/2021;21
2021;28/10/2021-18/11/2021;uaterembi;0;0;0;1;rapproche;1;0;28/10/2021;18/11/2021;21
2021;28/10/2021-18/11/2021;uatio;0;0;0;1;rapproche;1;0;28/10/2021;18/11/2021;21
2021;27/10/2021-17/11/2021;vua;1;1;3;1;rapproche;1;0;27/10/2021;17/11/2021;21
2021;27/10/2021-18/11/2021;RAPPROCHE_all;8;11;16;1;rapproche;12;0;27/10/2021;18/11/2021;22
2021;18/11/2021-08/12/2021;atire;6;8;10;2;rapproche;1;1;18/11/2021;08/12/2021;20
2021;19/11/2021-07/12/2021;gi;7;9;17;2;rapproche;1;1;19/11/2021;07/12/2021;18
2021;01/10/2021-22/10/2021;GLS_outseason;0;0;0;100;out_season;24;1;01/10/2021;22/10/2021;21
2021;23/10/2021-26/10/2021;GLS_outseason;0;0;0;101;out_season;24;1;23/10/2021;26/10/2021;3
2021;01/05/2022-22/05/2022;GLS_outseason;0;0;0;102;out_season;24;1;01/05/2022;22/05/2022;21
2021;23/05/2022-13/06/2022;GLS_outseason;0;0;0;103;out_season;24;1;23/05/2022;13/06/2022;21
2021;18/11/2021-08/12/2021;ieroue;1;1;1;2;rapproche;1;1;18/11/2021;08/12/2021;20
2021;18/11/2021-07/12/2021;kouare;1;1;3;2;rapproche;1;1;18/11/2021;07/12/2021;19
2021;18/11/2021-07/12/2021;nda;3;4;6;2;rapproche;1;1;18/11/2021;07/12/2021;19
2021;18/11/2021-07/12/2021;nge;12;16;19;2;rapproche;1;1;18/11/2021;07/12/2021;19
2021;19/11/2021-08/12/2021;redika;4;5;4;2;rapproche;1;1;19/11/2021;08/12/2021;19
2021;18/11/2021-07/12/2021;tere;0;0;0;2;rapproche;1;1;18/11/2021;07/12/2021;19
2021;19/11/2021-08/12/2021;ua;0;0;0;2;rapproche;1;1;19/11/2021;08/12/2021;19
2021;19/11/2021-07/12/2021;uaterembi;7;9;16;2;rapproche;1;1;19/11/2021;07/12/2021;18
2021;19/11/2021-08/12/2021;uatio;3;4;3;2;rapproche;1;1;19/11/2021;08/12/2021;19
2021;26/11/2021-17/12/2021;totea;5;7;8;3;ponctuel;1;0;26/11/2021;17/12/2021;21
2021;18/12/2021-30/12/2021;totea;0;0;4;5;ponctuel;1;1;18/12/2021;30/12/2021;12
2021;25/11/2021-16/12/2021;ugo;0;0;0;3;ponctuel;1;0;25/11/2021;16/12/2021;21
2021;18/11/2021-07/12/2021;vua;6;8;10;2;rapproche;1;1;18/11/2021;07/12/2021;19
2021;19/11/2021-08/12/2021;RAPPROCHE_all;50;66;89;2;rapproche;12;1;19/11/2021;08/12/2021;19
2021;09/12/2021-21/12/2021;atire;3;3;5;4;rapproche;1;0;09/12/2021;21/12/2021;12
2021;08/12/2021-22/12/2021;gi;8;10;16;4;rapproche;1;0;08/12/2021;22/12/2021;14
2021;09/12/2021-22/12/2021;ieroue;1;1;1;4;rapproche;1;0;09/12/2021;22/12/2021;13
2021;08/12/2021-21/12/2021;kouare;2;2;3;4;rapproche;1;0;08/12/2021;21/12/2021;13
2021;08/12/2021-21/12/2021;nda;1;1;3;4;rapproche;1;0;08/12/2021;21/12/2021;13
2021;08/12/2021-22/12/2021;nge;11;13;16;4;rapproche;1;0;08/12/2021;22/12/2021;14
2021;09/12/2021-22/12/2021;redika;3;4;4;4;rapproche;1;0;09/12/2021;22/12/2021;13
2021;08/12/2021-21/12/2021;tere;0;0;0;4;rapproche;1;0;08/12/2021;21/12/2021;13
2021;09/12/2021-21/12/2021;ua;1;1;2;4;rapproche;1;0;09/12/2021;21/12/2021;12
2021;08/12/2021-21/12/2021;uaterembi;5;6;8;4;rapproche;1;0;08/12/2021;21/12/2021;13
2021;17/12/2021-29/12/2021;ugo;0;0;0;5;ponctuel;1;1;17/12/2021;29/12/2021;12
2021;26/11/2021-17/12/2021;uie;6;8;11;3;ponctuel;1;0;26/11/2021;17/12/2021;21
2021;18/12/2021-29/12/2021;uie;0;0;1;5;ponctuel;1;1;18/12/2021;29/12/2021;11
2021;26/11/2021-17/12/2021;uo;1;1;1;3;ponctuel;1;0;26/11/2021;17/12/2021;21
2021;18/12/2021-30/12/2021;uo;3;3;3;5;ponctuel;1;1;18/12/2021;30/12/2021;12
2021;09/12/2021-22/12/2021;uatio;2;2;7;4;rapproche;1;0;09/12/2021;22/12/2021;13
2021;08/12/2021-21/12/2021;vua;0;0;8;4;rapproche;1;0;08/12/2021;21/12/2021;13
2021;09/12/2021-22/12/2021;RAPPROCHE_all;37;44;73;4;rapproche;12;0;09/12/2021;22/12/2021;13
2021;22/12/2021-04/01/2022;atire;7;8;11;6;rapproche;1;1;22/12/2021;04/01/2022;13
2021;23/12/2021-05/01/2022;gi;9;11;14;6;rapproche;1;1;23/12/2021;05/01/2022;13
2021;23/12/2021-05/01/2022;ieroue;1;1;1;6;rapproche;1;1;23/12/2021;05/01/2022;13
2021;22/12/2021-04/01/2022;kouare;2;2;3;6;rapproche;1;1;22/12/2021;04/01/2022;13
2021;22/12/2021-04/01/2022;nda;3;4;4;6;rapproche;1;1;22/12/2021;04/01/2022;13
2021;23/12/2021-04/01/2022;nge;9;10;11;6;rapproche;1;1;23/12/2021;04/01/2022;12
2021;23/12/2021-05/01/2022;redika;3;4;5;6;rapproche;1;1;23/12/2021;05/01/2022;13
2021;22/12/2021-04/01/2022;tere;0;0;0;6;rapproche;1;1;22/12/2021;04/01/2022;13
2021;22/12/2021-05/01/2022;ua;1;1;1;6;rapproche;1;1;22/12/2021;05/01/2022;14
2021;22/12/2021-04/01/2022;uaterembi;5;6;11;6;rapproche;1;1;22/12/2021;04/01/2022;13
2021;23/12/2021-05/01/2022;uatio;2;2;6;6;rapproche;1;1;23/12/2021;05/01/2022;13
2021;22/12/2021-04/01/2022;vua;4;5;9;6;rapproche;1;1;22/12/2021;04/01/2022;13
2021;23/12/2021-05/01/2022;RAPPROCHE_all;46;54;76;6;rapproche;12;1;23/12/2021;05/01/2022;13
2021;06/01/2022-27/01/2022;atire;10;14;15;7;rapproche;1;1;06/01/2022;27/01/2022;21
2021;06/01/2022-26/01/2022;gi;13;18;21;7;rapproche;1;1;06/01/2022;26/01/2022;20
2021;06/01/2022-26/01/2022;ieroue;2;3;2;7;rapproche;1;1;06/01/2022;26/01/2022;20
2021;06/01/2022-27/01/2022;kouare;3;4;7;7;rapproche;1;1;06/01/2022;27/01/2022;21
2021;06/01/2022-27/01/2022;nda;4;5;6;7;rapproche;1;1;06/01/2022;27/01/2022;21
2021;06/01/2022-27/01/2022;nge;8;11;10;7;rapproche;1;1;06/01/2022;27/01/2022;21
2021;06/01/2022-27/01/2022;redika;2;3;3;7;rapproche;1;1;06/01/2022;27/01/2022;21
2021;06/01/2022-27/01/2022;tere;0;0;0;7;rapproche;1;1;06/01/2022;27/01/2022;21
2021;06/01/2022-26/01/2022;ua;0;0;0;7;rapproche;1;1;06/01/2022;26/01/2022;20
2021;05/01/2022-26/01/2022;uaterembi;5;7;9;7;rapproche;1;1;05/01/2022;26/01/2022;21
2021;06/01/2022-26/01/2022;uatio;1;1;2;7;rapproche;1;1;06/01/2022;26/01/2022;20
2021;05/01/2022-26/01/2022;vua;9;12;16;7;rapproche;1;1;05/01/2022;26/01/2022;21
2021;06/01/2022-27/01/2022;RAPPROCHE_all;57;78;91;7;rapproche;12;1;06/01/2022;27/01/2022;21
2021;28/01/2022-14/02/2022;atire;4;5;8;8;rapproche;1;0;28/01/2022;14/02/2022;17
2021;27/01/2022-15/02/2022;gi;2;3;2;8;rapproche;1;0;27/01/2022;15/02/2022;19
2021;27/01/2022-14/02/2022;ieroue;0;0;0;8;rapproche;1;0;27/01/2022;14/02/2022;18
2021;28/01/2022-14/02/2022;kouare;0;0;0;8;rapproche;1;0;28/01/2022;14/02/2022;17
2021;28/01/2022-14/02/2022;nda;0;0;0;8;rapproche;1;0;28/01/2022;14/02/2022;17
2021;28/01/2022-15/02/2022;nge;6;8;8;8;rapproche;1;0;28/01/2022;15/02/2022;18
2021;28/01/2022-18/02/2022;redika;0;0;0;8;rapproche;1;0;28/01/2022;18/02/2022;21
2021;28/01/2022-14/02/2022;tere;0;0;0;8;rapproche;1;0;28/01/2022;14/02/2022;17
2021;27/01/2022-15/02/2022;ua;1;1;1;8;rapproche;1;0;27/01/2022;15/02/2022;19
2021;27/01/2022-15/02/2022;uaterembi;0;0;0;8;rapproche;1;0;27/01/2022;15/02/2022;19
2021;27/01/2022-15/02/2022;uatio;0;0;0;8;rapproche;1;0;27/01/2022;15/02/2022;19
2021;27/01/2022-14/02/2022;vua;0;0;1;8;rapproche;1;0;27/01/2022;14/02/2022;18
2021;28/01/2022-16/02/2022;RAPPROCHE_all;13;17;20;8;rapproche;12;0;28/01/2022;16/02/2022;19
2021;16/02/2022-23/02/2022;gi;2;2;2;10;rapproche;1;1;16/02/2022;23/02/2022;7
2021;16/02/2022-23/02/2022;nge;0;0;0;10;rapproche;1;1;16/02/2022;23/02/2022;7
2021;18/02/2022-11/03/2022;atire;0;0;0;11;rapproche;1;1;18/02/2022;11/03/2022;21
2021;24/02/2022-10/03/2022;gi;2;2;2;11;rapproche;1;1;24/02/2022;10/03/2022;14
2021;17/02/2022-10/03/2022;ieroue;0;0;0;11;rapproche;1;1;17/02/2022;10/03/2022;21
2021;18/02/2022-11/03/2022;kouare;0;0;0;11;rapproche;1;1;18/02/2022;11/03/2022;21
2021;18/02/2022-11/03/2022;nda;0;0;0;11;rapproche;1;1;18/02/2022;11/03/2022;21
2021;24/02/2022-10/03/2022;nge;1;1;1;11;rapproche;1;1;24/02/2022;10/03/2022;14
2021;19/02/2022-11/03/2022;redika;0;0;0;11;rapproche;1;1;19/02/2022;11/03/2022;20
2021;18/02/2022-11/03/2022;tere;0;0;0;11;rapproche;1;1;18/02/2022;11/03/2022;21
2021;17/02/2022-10/03/2022;ua;0;0;0;11;rapproche;1;1;17/02/2022;10/03/2022;21
2021;17/02/2022-10/03/2022;uaterembi;0;0;0;11;rapproche;1;1;17/02/2022;10/03/2022;21
2021;17/02/2022-10/03/2022;uatio;0;0;0;11;rapproche;1;1;17/02/2022;10/03/2022;21
2021;18/02/2022-11/03/2022;vua;1;1;1;11;rapproche;1;1;18/02/2022;11/03/2022;21
2021;18/02/2022-11/03/2022;RAPPROCHE_all;4;5;4;11;rapproche;12;1;18/02/2022;11/03/2022;21
2022;05/11/2022-22/11/2022;atire;1;1;4;1;rapproche;1;0;05/11/2022;22/11/2022;17
2022;05/11/2022-22/11/2022;gi;2;3;3;1;rapproche;1;0;05/11/2022;22/11/2022;17
2022;06/11/2022-23/11/2022;ieroue;3;4;4;1;rapproche;1;0;06/11/2022;23/11/2022;17
2022;05/11/2022-22/11/2022;kouare;1;1;1;1;rapproche;1;0;05/11/2022;22/11/2022;17
2022;05/11/2022-22/11/2022;nda;2;3;6;1;rapproche;1;0;05/11/2022;22/11/2022;17
2022;06/11/2022-23/11/2022;nge;2;3;2;1;rapproche;1;0;06/11/2022;23/11/2022;17
2022;05/11/2022-22/11/2022;redika;0;0;0;1;rapproche;1;0;05/11/2022;22/11/2022;17
2022;05/11/2022-22/11/2022;tere;0;0;0;1;rapproche;1;0;05/11/2022;22/11/2022;17
2022;06/11/2022-23/11/2022;ua;1;1;1;1;rapproche;1;0;06/11/2022;23/11/2022;17
2022;06/11/2022-23/11/2022;uaterembi;1;1;3;1;rapproche;1;0;06/11/2022;23/11/2022;17
2022;06/11/2022-23/11/2022;uatio;4;5;8;1;rapproche;1;0;06/11/2022;23/11/2022;17
2022;05/11/2022-22/11/2022;vua;2;3;2;1;rapproche;1;0;05/11/2022;22/11/2022;17
2022;05/11/2022-23/11/2022;RAPPROCHE_all;19;25;34;1;rapproche;12;0;05/11/2022;23/11/2022;18
2022;18/11/2022-05/12/2022;amere;5;6;6;2;ponctuel;1;0;18/11/2022;05/12/2022;17
2022;18/11/2022-05/12/2022;kie;4;5;7;2;ponctuel;1;0;18/11/2022;05/12/2022;17
2022;18/11/2022-05/12/2022;nouare;0;0;0;2;ponctuel;1;0;18/11/2022;05/12/2022;17
2022;23/11/2022-08/12/2022;gi;1;1;2;3;rapproche;1;1;23/11/2022;08/12/2022;15
2022;24/11/2022-08/12/2022;ieroue;5;6;8;3;rapproche;1;1;24/11/2022;08/12/2022;14
2022;23/11/2022-08/12/2022;kouare;6;7;9;3;rapproche;1;1;23/11/2022;08/12/2022;15
2022;23/11/2022-08/12/2022;nda;4;5;18;3;rapproche;1;1;23/11/2022;08/12/2022;15
2022;24/11/2022-08/12/2022;nge;4;5;8;3;rapproche;1;1;24/11/2022;08/12/2022;14
2022;24/11/2022-08/12/2022;ua;3;4;9;3;rapproche;1;1;24/11/2022;08/12/2022;14
2022;24/11/2022-08/12/2022;uatio;1;1;8;3;rapproche;1;1;24/11/2022;08/12/2022;14
2022;23/11/2022-08/12/2022;vua;6;7;9;3;rapproche;1;1;23/11/2022;08/12/2022;15
2022;24/11/2022-08/12/2022;RAPPROCHE_all;30;36;71;3;rapproche;8;1;24/11/2022;08/12/2022;14
2022;28/11/2022-15/12/2022;mato;0;0;0;4;ponctuel;1;0;28/11/2022;15/12/2022;17
2022;27/11/2022-14/12/2022;mbore;2;3;3;4;ponctuel;1;0;27/11/2022;14/12/2022;17
2022;27/11/2022-14/12/2022;ndo;4;5;7;4;ponctuel;1;0;27/11/2022;14/12/2022;17
2022;28/11/2022-15/12/2022;noe;0;0;0;4;ponctuel;1;0;28/11/2022;15/12/2022;17
2022;27/11/2022-14/12/2022;petit koko;1;1;1;4;ponctuel;1;0;27/11/2022;14/12/2022;17
2022;28/11/2022-15/12/2022;puemba;5;6;5;4;ponctuel;1;0;28/11/2022;15/12/2022;17
2022;23/11/2022-14/12/2022;tere;0;0;0;4;rapproche;1;1;23/11/2022;14/12/2022;21
2022;27/11/2022-14/12/2022;totea;6;8;14;4;ponctuel;1;0;27/11/2022;14/12/2022;17
2022;24/11/2022-15/12/2022;uaterembi;5;7;17;4;rapproche;1;0;24/11/2022;15/12/2022;21
2022;28/11/2022-15/12/2022;ugo;0;0;0;4;ponctuel;1;0;28/11/2022;15/12/2022;17
2022;27/11/2022-14/12/2022;uie;0;0;0;4;ponctuel;1;0;27/11/2022;14/12/2022;17
2022;27/11/2022-14/12/2022;uo;0;0;1;4;ponctuel;1;0;27/11/2022;14/12/2022;17
2022;23/11/2022-19/12/2022;atire;9;13;13;5;rapproche;1;0;23/11/2022;19/12/2022;26
2022;09/12/2022-19/12/2022;ieroue;2;2;6;5;rapproche;1;1;09/12/2022;19/12/2022;10
2022;09/12/2022-19/12/2022;kouare;2;2;3;5;rapproche;1;1;09/12/2022;19/12/2022;10
2022;09/12/2022-19/12/2022;nda;6;7;15;5;rapproche;1;1;09/12/2022;19/12/2022;10
2022;09/12/2022-19/12/2022;vua;4;4;11;5;rapproche;1;1;09/12/2022;19/12/2022;10
2022;09/12/2022-19/12/2022;RAPPROCHE_all;23;25;48;5;rapproche;5;1;09/12/2022;19/12/2022;10
2022;06/12/2022-22/12/2022;amere;2;3;6;6;ponctuel;1;1;06/12/2022;22/12/2022;16
2022;06/12/2022-22/12/2022;kie;10;13;13;6;ponctuel;1;1;06/12/2022;22/12/2022;16
2022;06/12/2022-22/12/2022;nouare;0;0;0;6;ponctuel;1;1;06/12/2022;22/12/2022;16
2022;16/12/2022-30/12/2022;mato;0;0;1;7;ponctuel;1;1;16/12/2022;30/12/2022;14
2022;15/12/2022-29/12/2022;mbore;1;1;2;7;ponctuel;1;1;15/12/2022;29/12/2022;14
2022;15/12/2022-29/12/2022;ndo;9;11;9;7;ponctuel;1;1;15/12/2022;29/12/2022;14
2022;09/12/2022-29/12/2022;nge;4;5;7;7;rapproche;1;0;09/12/2022;29/12/2022;20
2022;16/12/2022-30/12/2022;noe;0;0;0;7;ponctuel;1;1;16/12/2022;30/12/2022;14
2022;15/12/2022-29/12/2022;petit koko;1;1;1;7;ponctuel;1;1;15/12/2022;29/12/2022;14
2022;16/12/2022-30/12/2022;puemba;2;2;2;7;ponctuel;1;1;16/12/2022;30/12/2022;14
2022;15/12/2022-29/12/2022;tere;0;0;0;7;rapproche;1;1;15/12/2022;29/12/2022;14
2022;15/12/2022-29/12/2022;totea;5;6;11;7;ponctuel;1;1;15/12/2022;29/12/2022;14
2022;16/12/2022-30/12/2022;ugo;0;0;0;7;ponctuel;1;1;16/12/2022;30/12/2022;14
2022;15/12/2022-29/12/2022;uie;0;0;0;7;ponctuel;1;1;15/12/2022;29/12/2022;14
2022;15/12/2022-29/12/2022;uo;0;0;0;7;ponctuel;1;1;15/12/2022;29/12/2022;14
2022;09/12/2022-04/01/2023;gi;4;6;8;8;rapproche;1;0;09/12/2022;04/01/2023;26
2022;09/12/2022-03/01/2023;ua;2;3;5;8;rapproche;1;0;09/12/2022;03/01/2023;25
2022;16/12/2022-03/01/2023;uaterembi;5;7;11;8;rapproche;1;1;16/12/2022;03/01/2023;18
2022;09/12/2022-04/01/2023;uatio;6;9;10;8;rapproche;1;0;09/12/2022;04/01/2023;26
2022;20/12/2022-12/01/2023;atire;9;13;15;9;rapproche;1;0;20/12/2022;12/01/2023;23
2022;05/01/2023-11/01/2023;gi;4;4;6;9;rapproche;1;1;05/01/2023;11/01/2023;6
2022;20/12/2022-11/01/2023;ieroue;2;3;3;9;rapproche;1;0;20/12/2022;11/01/2023;22
2022;20/12/2022-11/01/2023;kouare;3;4;8;9;rapproche;1;0;20/12/2022;11/01/2023;22
2022;20/12/2022-11/01/2023;nda;9;13;18;9;rapproche;1;0;20/12/2022;11/01/2023;22
2022;30/12/2022-11/01/2023;nge;5;6;11;9;rapproche;1;1;30/12/2022;11/01/2023;12
2022;23/11/2022-12/01/2023;redika;3;6;7;9;rapproche;1;0;23/11/2022;12/01/2023;50
2022;30/12/2022-11/01/2023;tere;0;0;0;9;rapproche;1;1;30/12/2022;11/01/2023;12
2022;04/01/2023-12/01/2023;uaterembi;2;2;3;9;rapproche;1;1;04/01/2023;12/01/2023;8
2022;05/01/2023-12/01/2023;uatio;2;2;3;9;rapproche;1;1;05/01/2023;12/01/2023;7
2022;20/12/2022-12/01/2023;vua;6;9;11;9;rapproche;1;0;20/12/2022;12/01/2023;23
2022;20/12/2022-12/01/2023;RAPPROCHE_all;45;64;85;9;rapproche;11;0;20/12/2022;12/01/2023;23
2022;13/01/2023-26/01/2023;atire;2;2;3;10;rapproche;1;0;13/01/2023;26/01/2023;13
2022;12/01/2023-25/01/2023;gi;2;2;2;10;rapproche;1;0;12/01/2023;25/01/2023;13
2022;12/01/2023-25/01/2023;ieroue;1;1;2;10;rapproche;1;0;12/01/2023;25/01/2023;13
2022;12/01/2023-26/01/2023;kouare;0;0;0;10;rapproche;1;0;12/01/2023;26/01/2023;14
2022;12/01/2023-25/01/2023;nda;3;4;7;10;rapproche;1;0;12/01/2023;25/01/2023;13
2022;12/01/2023-26/01/2023;nge;1;1;1;10;rapproche;1;0;12/01/2023;26/01/2023;14
2022;12/01/2023-25/01/2023;tere;1;1;2;10;rapproche;1;0;12/01/2023;25/01/2023;13
2022;04/01/2023-26/01/2023;ua;0;0;0;10;rapproche;1;0;04/01/2023;26/01/2023;22
2022;13/01/2023-25/01/2023;uaterembi;0;0;1;10;rapproche;1;0;13/01/2023;25/01/2023;12
2022;13/01/2023-25/01/2023;uatio;2;2;3;10;rapproche;1;0;13/01/2023;25/01/2023;12
2022;13/01/2023-26/01/2023;vua;4;5;6;10;rapproche;1;0;13/01/2023;26/01/2023;13
2022;13/01/2023-26/01/2023;RAPPROCHE_all;16;19;27;10;rapproche;11;0;13/01/2023;26/01/2023;13
2022;26/01/2023-08/02/2023;gi;1;1;1;11;rapproche;1;1;26/01/2023;08/02/2023;13
2022;26/01/2023-08/02/2023;ieroue;0;0;0;11;rapproche;1;1;26/01/2023;08/02/2023;13
2022;27/01/2023-08/02/2023;kouare;0;0;0;11;rapproche;1;1;27/01/2023;08/02/2023;12
2022;26/01/2023-08/02/2023;nda;2;2;2;11;rapproche;1;1;26/01/2023;08/02/2023;13
2022;26/01/2023-08/02/2023;tere;1;1;1;11;rapproche;1;1;26/01/2023;08/02/2023;13
2022;27/01/2023-08/02/2023;ua;0;0;0;11;rapproche;1;1;27/01/2023;08/02/2023;12
2022;26/01/2023-08/02/2023;uaterembi;0;0;1;11;rapproche;1;1;26/01/2023;08/02/2023;13
2022;27/01/2023-08/02/2023;RAPPROCHE_all;4;5;5;11;rapproche;7;1;27/01/2023;08/02/2023;12
2022;27/01/2023-15/02/2023;nge;1;1;1;12;rapproche;1;0;27/01/2023;15/02/2023;19
2022;27/01/2023-15/02/2023;vua;0;0;0;12;rapproche;1;0;27/01/2023;15/02/2023;19
2022;01/10/2022-22/10/2022;GLS_outseason;0;0;0;100;out_season;24;1;01/10/2022;22/10/2022;21
2022;23/10/2022-04/11/2022;GLS_outseason;0;0;0;101;out_season;24;1;23/10/2022;04/11/2022;12
2022;01/05/2023-22/05/2023;GLS_outseason;0;0;0;102;out_season;24;1;01/05/2023;22/05/2023;21
2022;23/05/2023-13/06/2023;GLS_outseason;0;0;0;103;out_season;24;1;23/05/2023;13/06/2023;21
2017;13/11/2017-05/12/2017;RAPPROCHE_mean;3;4;5;1;rapproche;11;0;13/11/2017;05/12/2017;22
2017;06/12/2017-22/12/2017;RAPPROCHE_mean;4;5;8;2;rapproche;11;1;06/12/2017;22/12/2017;16
2017;23/12/2017-09/01/2018;RAPPROCHE_mean;6;8;8;3;rapproche;11;1;23/12/2017;09/01/2018;17
2017;01/02/2018-23/02/2018;RAPPROCHE_mean;2;3;3;5;rapproche;11;0;01/02/2018;23/02/2018;22
2017;24/02/2018-14/03/2018;RAPPROCHE_mean;1;1;1;6;rapproche;11;1;24/02/2018;14/03/2018;18
2018;01/11/2018-22/11/2018;RAPPROCHE_mean;1;1;2;1;rapproche;11;0;01/11/2018;22/11/2018;21
2018;23/11/2018-29/11/2018;RAPPROCHE_mean;2;2;4;2;rapproche;11;1;23/11/2018;29/11/2018;6
2018;30/11/2018-21/12/2018;RAPPROCHE_mean;5;7;9;3;rapproche;11;1;30/11/2018;21/12/2018;21
2018;22/12/2018-10/01/2019;RAPPROCHE_mean;7;9;13;4;rapproche;10;1;22/12/2018;10/01/2019;19
2019;06/11/2019-28/11/2019;RAPPROCHE_mean;1;1;5;1;rapproche;8;0;06/11/2019;28/11/2019;22
2019;29/11/2019-05/12/2019;RAPPROCHE_mean;2;2;8;2;rapproche;8;1;29/11/2019;05/12/2019;6
2019;12/12/2019-03/01/2020;RAPPROCHE_mean;4;6;14;5;rapproche;11;0;12/12/2019;03/01/2020;22
2019;04/01/2020-17/01/2020;RAPPROCHE_mean;2;2;4;7;rapproche;10;0;04/01/2020;17/01/2020;13
2019;18/01/2020-29/01/2020;RAPPROCHE_mean;3;3;5;9;rapproche;11;1;18/01/2020;29/01/2020;11
2020;07/11/2020-29/11/2020;RAPPROCHE_mean;2;3;4;1;rapproche;12;0;07/11/2020;29/11/2020;22
2020;30/11/2020-09/12/2020;RAPPROCHE_mean;2;2;6;2;rapproche;12;1;30/11/2020;09/12/2020;9
2020;10/12/2020-23/12/2020;RAPPROCHE_mean;3;4;6;4;rapproche;12;1;10/12/2020;23/12/2020;13
2020;24/12/2020-05/01/2021;RAPPROCHE_mean;3;3;7;5;rapproche;12;1;24/12/2020;05/01/2021;12
2020;06/01/2021-20/01/2021;RAPPROCHE_mean;4;5;7;7;rapproche;11;1;06/01/2021;20/01/2021;14
2020;21/01/2021-07/02/2021;RAPPROCHE_mean;2;3;3;8;rapproche;12;0;21/01/2021;07/02/2021;17
2021;27/10/2021-18/11/2021;RAPPROCHE_mean;1;1;2;1;rapproche;12;0;27/10/2021;18/11/2021;22
2021;19/11/2021-08/12/2021;RAPPROCHE_mean;5;7;8;2;rapproche;12;1;19/11/2021;08/12/2021;19
2021;09/12/2021-22/12/2021;RAPPROCHE_mean;4;5;7;4;rapproche;12;0;09/12/2021;22/12/2021;13
2021;23/12/2021-05/01/2022;RAPPROCHE_mean;4;5;7;6;rapproche;12;1;23/12/2021;05/01/2022;13
2021;06/01/2022-27/01/2022;RAPPROCHE_mean;5;7;8;7;rapproche;12;1;06/01/2022;27/01/2022;21
2021;28/01/2022-16/02/2022;RAPPROCHE_mean;2;3;2;8;rapproche;12;0;28/01/2022;16/02/2022;19
2021;18/02/2022-11/03/2022;RAPPROCHE_mean;1;1;1;11;rapproche;12;1;18/02/2022;11/03/2022;21
2022;05/11/2022-23/11/2022;RAPPROCHE_mean;2;3;3;1;rapproche;12;0;05/11/2022;23/11/2022;18
2022;24/11/2022-08/12/2022;RAPPROCHE_mean;4;5;9;3;rapproche;8;1;24/11/2022;08/12/2022;14
2022;09/12/2022-19/12/2022;RAPPROCHE_mean;5;5;10;5;rapproche;5;1;09/12/2022;19/12/2022;10
2022;20/12/2022-12/01/2023;RAPPROCHE_mean;5;7;8;9;rapproche;11;0;20/12/2022;12/01/2023;23
2022;13/01/2023-26/01/2023;RAPPROCHE_mean;2;2;3;10;rapproche;11;0;13/01/2023;26/01/2023;13
2022;27/01/2023-08/02/2023;RAPPROCHE_mean;1;1;1;11;rapproche;7;1;27/01/2023;08/02/2023;12

